place_id,name,category,sub_category,latitude,longitude,address,vicinity,rating,review_count,website,phone,price_level,types,is_operational,search_zone,search_keyword,is_open_now,timestamp,popularity_score,buffer_radius_m
ChIJ91zqR3HxaS4RHn78X_ccfyI,Ranch Market - Dharmawangsa Square,Affluence_Proxy,Premium_Supermarket,-6.252685,106.8014196,"Jl. Dharmawangsa VI Melawai Kebayoran Baru Jakarta Selatan DKI Jakarta RT.5, 5, RT.5/RW.1, Pulo, Kec. Kby. Baru, Kota Jakarta Selatan, Daerah Khusus Ibukota Jakarta 12160, Indonesia","Jl. Dharmawangsa VI Melawai Kebayoran Baru Jakarta Selatan DKI Jakarta RT.5, 5, RT.5/RW.1, Pulo, Kota Jakarta Selatan",4.5,1037,http://www.ranchmarket.co.id/,(021) 72786480,,"supermarket, point_of_interest, grocery_or_supermarket, store, food, establishment",True,Fix_Test,Ranch Market,False,2025-08-05T01:42:21.940843,4.5,
ChIJewaZxa7xaS4RBBClcpcbgYo,Ranch Market Kemang,Affluence_Proxy,Premium_Supermarket,-6.264198299999999,106.8159772,"Jl. Kemang Raya No.66 68, RT.8/RW.2, Bangka, Kec. Mampang Prpt., Kota Jakarta Selatan, Daerah Khusus Ibukota Jakarta 12730, Indonesia","Jl. Kemang Raya No.66 68, RT.8/RW.2, Bangka, South Jakarta City",4.5,694,https://www.ranchmarket.co.id/,0813-8221-7182,,"supermarket, point_of_interest, grocery_or_supermarket, store, food, establishment",True,Fix_Test,Ranch Market,False,2025-08-05T01:42:22.087577,3.01,
ChIJ44eO6WbxaS4RE1j7jLLIo_s,Vinyard Ranch Market Kemang,Affluence_Proxy,Premium_Supermarket,-6.264244499999999,106.8155793,"Jl. Kemang Raya No.66, RT.8/RW.2, Bangka, Kec. Mampang Prpt., Kota Jakarta Selatan, Daerah Khusus Ibukota Jakarta 12730, Indonesia","Ranch Market Kemang, Jl. Kemang Raya No.66, RT.8/RW.2, Bangka, Kota Jakarta Selatan",4.7,23,http://vinyard.com/,0811-8568-877,,"supermarket, point_of_interest, grocery_or_supermarket, store, food, establishment",True,Fix_Test,Ranch Market,False,2025-08-05T01:42:22.687772,0.1,
ChIJO1x39abxaS4RvdaxzR-1yrA,Ranch Market Pondok Indah,Affluence_Proxy,Premium_Supermarket,-6.2630364,106.7847026,"RT.1, South Gandaria, Cilandak, South Jakarta City, Jakarta 12310, Indonesia","RT.1, South Gandaria, South Jakarta City",4.3,15,,,,"transit_station, point_of_interest, establishment",True,Fix_Test,Ranch Market,,2025-08-05T01:42:22.390187,0.06,
ChIJrRF0ECDzaS4RMiGQgSALhGY,Amore Kemang,Competitor,Clinic_Only,-6.2667253,106.8120288,"Jl. Pelita raya Jl. Kemang Selatan VIII No.4, JAK-SEL, Kec. Mampang Prpt., Kota Jakarta Selatan, Daerah Khusus Ibukota Jakarta 12730, Indonesia","Jl. Pelita raya Jl. Kemang Selatan VIII No.4, JAK-SEL, Kota Jakarta Selatan",4.5,818,,0822-6161-3379,,"veterinary_care, point_of_interest, establishment",True,Fix_Test,klinik hewan,False,2025-08-05T01:42:24.355694,3.55,2000.0
ChIJF5ldCgvxaS4RSK69Ek1Z4LQ,Groovy Vetcare Clinic,Competitor,Clinic_Only,-6.263770999999999,106.7888939,"Ruko Galeri Niaga, No. 9F-G, Jl. H. Nawi Raya, Gandaria Sel., Kec. Cilandak, Kota Jakarta Selatan, Daerah Khusus Ibukota Jakarta 12420, Indonesia","Ruko Galeri Niaga, No. 9F-G, Jl. H. Nawi Raya, Gandaria Sel., Kota Jakarta Selatan",4.5,575,https://www.groovyvetcare.com/,(021) 72800617,,"veterinary_care, point_of_interest, establishment",True,Fix_Test,klinik hewan,False,2025-08-05T01:42:23.872041,2.5,2000.0
ChIJ22gc2oXxaS4ROQJOTh5L3Hw,My Vets Kemang,Competitor,Clinic_Only,-6.2669918,106.8116187,"Jl. Kemang Selatan VIII No.7A, RT.6/RW.7, Cipete Sel., Kec. Cilandak, Kota Jakarta Selatan, Daerah Khusus Ibukota Jakarta 12730, Indonesia","Jl. Kemang Selatan VIII No.7A, RT.6/RW.7, Cipete Sel., Kota Jakarta Selatan",4.5,508,,(021) 7668241,,"veterinary_care, point_of_interest, establishment",True,Fix_Test,klinik hewan,False,2025-08-05T01:42:24.203487,2.2,2000.0
ChIJoVLlEmnxaS4R0U1ZbC2ZwqM,Petlove Center,Competitor,Clinic_Only,-6.2417748,106.8017523,"Jl. Falatehan I No.30, Melawai, Kec. Kby. Baru, Kota Jakarta Selatan, Daerah Khusus Ibukota Jakarta 12160, Indonesia","Jl. Falatehan I No.30, Melawai, Kota Jakarta Selatan",4.7,450,http://www.petlovecenter.com/,0811-812-515,,"veterinary_care, point_of_interest, store, establishment",True,Fix_Test,klinik hewan,False,2025-08-05T01:42:23.414683,2.04,2000.0
ChIJNR5uI9XzaS4RaWcKQN7Ve9Y,Smile Animal Clinic & Care,Competitor,Clinic_Only,-6.253616399999999,106.8402947,"Jl. Duren Tiga Raya No.7b 2, RT.2/RW.6, Duren Tiga, Kec. Pancoran, Kota Jakarta Selatan, Daerah Khusus Ibukota Jakarta 12760, Indonesia","Jl. Duren Tiga Raya No.7b 2, RT.2/RW.6, Duren Tiga, Kota Jakarta Selatan",4.6,360,,0812-1303-7825,,"veterinary_care, doctor, health, point_of_interest, establishment",True,Fix_Test,klinik hewan,False,2025-08-05T01:42:24.500962,1.6,2000.0
ChIJ5aoxT5_xaS4RusxBMI47xxk,"Veterinary Doctor Practice by drh. Sigit Witjaksono, M.Biomed",Competitor,Clinic_Only,-6.263556599999999,106.7950853,"Jl. H. Nawi Raya No.20 4, RT.4/RW.7, Gandaria Utara, Kec. Kby. Baru, Kota Jakarta Selatan, Daerah Khusus Ibukota Jakarta 12140, Indonesia","Jl. H. Nawi Raya No.20 4, RT.4/RW.7, Gandaria Utara, Kota Jakarta Selatan",4.8,272,https://petpintar.com/alamat/veterinary-care/jakarta-selatan/praktek-dokter-hewan-drh-sigit-witjaksono-m-biomed,(021) 7247552,,"veterinary_care, point_of_interest, establishment",True,Fix_Test,klinik hewan,False,2025-08-05T01:42:23.722508,1.26,2000.0
ChIJB2pIeuPxaS4Rnby5tCXOJ4s,Andifa Vet Clinic (Klinik Hewan Jakarta Selatan),Competitor,Clinic_Only,-6.2835154,106.8070842,"Jl. Pangeran Antasari No.18, Cilandak Bar., Kec. Cilandak, Kota Jakarta Selatan, Daerah Khusus Ibukota Jakarta 12430, Indonesia","Jl. Pangeran Antasari No.18, Cilandak Bar., Kota Jakarta Selatan",4.9,148,https://wa.me/message/X3Z5XUP6KEZ6D1,0821-2221-1918,,"veterinary_care, point_of_interest, establishment",True,Fix_Test,klinik hewan,False,2025-08-05T01:42:23.567103,0.7,2000.0
ChIJbe0CE17zaS4RAmx0CCIAiFw,Praktik Dokter Hewan Ramzi CA Ragunan dkk,Competitor,Clinic_Only,-6.2858943,106.8301357,"Jl. Raya Ragunan No.19 Lt. 2 & 3, RT.2/RW.7, Jati Padang, Ps. Minggu, Kota Jakarta Selatan, Daerah Khusus Ibukota Jakarta 12520, Indonesia","Jl. Raya Ragunan No.19 Lt. 2 & 3, RT.2/RW.7, Jati Padang, Kota Jakarta Selatan",5.0,28,,0813-1815-3315,,"veterinary_care, point_of_interest, establishment",True,Fix_Test,klinik hewan,False,2025-08-05T01:42:24.021901,0.14,2000.0
ChIJVYHZhoXxaS4Rjsm9PnQjDwc,Bintang Vet Radio Dalam Pondok Indah (Dokter Hewan 24 Jam & Petshop),Competitor,Emergency_Hospital,-6.2611624,106.7886315,"Jl. Radio Dalam Raya No.47d, Gandaria Utara, Kec. Kby. Baru, Kota Jakarta Selatan, Daerah Khusus Ibukota Jakarta 12140, Indonesia","Jl. Radio Dalam Raya No.47d, Gandaria Utara, Kota Jakarta Selatan",5.0,48,,0821-2141-9882,,"pet_store, point_of_interest, store, establishment",True,Fix_Test,klinik hewan,True,2025-08-05T01:42:23.264675,0.23,3000.0
